"10.90.113.50,55775,""192.0.78.9"",443,16,2518,0,0,0,7,822,9,1696,0,75.416171,87,179";;;;;;;;;;;;
"192.0.76.3,443,""10.90.113.50"",55761,9,552,1,0,0,3,225,6,327,5.417393,145.871684,12,17";;;;;;;;;;;;
"10.90.113.50,55678,""20.82.217.86"",443,3,162,2,0,0,2,108,1,54,5.888492,0.04405899999999985,19610,9805";;;;;;;;;;;;
"10.90.113.50,55763,""82.145.216.16"",443,11,635,3,0,0,8,437,3,198,6.230599,210.35182999999998,16,7";;;;;;;;;;;;
"10.90.113.50,55764,""95.101.123.19"",443,20,1208,4,0,0,10,548,10,660,6.276993,317.576206,13,16";;;;;;;;;;;;
"10.90.113.50,55717,""82.145.216.16"",443,9,525,5,0,0,6,327,3,198,6.3544599999999996,144.934368,18,10";;;;;;;;;;;;
"10.90.113.50,55784,""192.0.77.32"",443,8,508,6,0,0,3,163,5,345,7.288954,30.027804,43,91";;;;;;;;;;;;
"10.90.113.50,55785,""157.240.203.2"",443,11,636,7,0,0,7,381,4,255,7.351984,143.935786,21,14";;;;;;;;;;;;
"10.90.113.50,55780,""18.65.64.34"",443,15,914,8,0,0,7,383,8,531,7.383443,194.953585,15,21";;;;;;;;;;;;
"10.90.113.50,55783,""35.201.112.186"",443,52,3511,9,0,0,25,1423,27,2088,7.38368,573.701569,19,29";;;;;;;;;;;;
"10.90.113.50,55781,""23.33.6.248"",443,10,590,10,0,0,4,218,6,372,7.538974,75.190754,23,39";;;;;;;;;;;;
"10.90.113.50,55786,""108.139.229.13"",443,17,1022,11,0,0,8,437,9,585,7.585791,195.064429,17,23";;;;;;;;;;;;
"10.90.113.50,55787,""142.250.180.168"",443,11,646,12,0,0,6,328,5,318,7.616947,143.690882,18,17";;;;;;;;;;;;
"10.90.113.50,55788,""35.186.194.58"",443,11,646,13,0,0,6,328,5,318,7.647925,143.66103500000003,18,17";;;;;;;;;;;;
"10.90.113.50,55789,""108.139.229.68"",443,15,914,14,0,0,7,383,8,531,7.726485,194.985138,15,21";;;;;;;;;;;;
"10.90.113.50,55790,""204.79.197.200"",443,5,296,15,0,0,2,110,3,186,7.882055,79.63115300000001,11,18";;;;;;;;;;;;
"10.90.113.50,55792,""142.250.184.46"",443,11,646,16,0,0,6,328,5,318,7.92819,143.381086,18,17";;;;;;;;;;;;
"10.90.113.50,55791,""108.139.229.123"",443,15,914,17,0,0,7,383,8,531,7.974282,195.081182,15,21";;;;;;;;;;;;
"10.90.113.50,55794,""92.123.113.154"",443,16,973,18,0,0,8,438,8,535,7.974523,264.32842700000003,13,16";;;;;;;;;;;;
"10.90.113.50,55793,""142.250.184.66"",443,11,646,19,0,0,6,328,5,318,7.989594,143.32154599999998,18,17";;;;;;;;;;;;
"10.90.113.50,55798,""20.54.36.229"",443,96,12116,20,0,0,64,4826,32,7290,8.535585,1395.376307,27,41";;;;;;;;;;;;
"10.90.113.50,55803,""192.0.72.19"",443,8,508,21,0,0,3,163,5,345,9.793754,14.964157,87,184";;;;;;;;;;;;
"10.90.113.50,55714,""142.250.180.174"",443,12,773,22,0,0,6,328,6,445,11.13166,150.032274,17,23";;;;;;;;;;;;
"35.82.157.189,443,""10.90.113.50"",55812,6,401,23,0,0,4,293,2,108,12.536444,0.30241000000000007,7751,2857";;;;;;;;;;;;
"10.90.113.50,55796,""104.85.8.193"",443,11,644,24,0,0,5,272,6,372,12.972578,75.213924,28,39";;;;;;;;;;;;
"10.90.113.50,55808,""18.65.64.9"",443,15,914,25,0,0,7,383,8,531,13.453402,195.026526,15,21";;;;;;;;;;;;
"10.90.113.50,55730,""185.26.182.118"",443,8,496,26,0,0,3,163,5,333,13.515928,20.039083999999995,65,132";;;;;;;;;;;;
"18.214.111.36,443,""10.90.113.50"",55683,121,6534,27,0,0,60,3240,61,3294,13.638503,916.090388,28,28";;;;;;;;;;;;
"10.90.113.50,55811,""18.65.64.72"",443,15,914,28,0,0,7,383,8,531,13.793308,195.00645500000002,15,21";;;;;;;;;;;;
"10.90.113.50,55767,""192.0.77.32"",443,9,562,29,0,0,4,217,5,345,14.135589,30.006353,57,91";;;;;;;;;;;;
"10.90.113.50,55760,""192.0.77.32"",443,8,508,30,0,0,3,163,5,345,14.688629,30.026245000000003,43,91";;;;;;;;;;;;
"10.90.113.50,55779,""192.0.77.32"",443,8,508,31,0,0,3,163,5,345,14.860117,29.917567999999996,43,92";;;;;;;;;;;;
"10.90.113.50,55815,""192.0.76.3"",443,8,508,32,0,0,4,217,4,291,14.860235,14.90522,116,156";;;;;;;;;;;;
"10.90.113.50,55712,""108.177.119.188"",5228,33,1977,33,0,0,17,933,16,1044,14.891571,643.514698,11,12";;;;;;;;;;;;
"10.90.113.50,55813,""35.82.157.189"",443,14,760,34,0,0,12,652,2,108,15.097718,165.46299800000003,31,5";;;;;;;;;;;;
"10.90.113.50,55765,""192.0.76.3"",443,8,508,35,0,0,3,163,5,345,15.234405,15.063581000000001,86,183";;;;;;;;;;;;
"10.90.113.50,55814,""192.0.78.23"",443,9,562,36,0,0,3,163,6,399,15.341856,30.089243000000003,43,106";;;;;;;;;;;;
"192.0.78.23,443,""10.90.113.50"",55782,159,11342,37,0,0,106,6996,53,4346,16.394841,1403.942492,39,24";;;;;;;;;;;;
"10.90.113.50,55769,""192.0.78.23"",443,16,1690,38,0,0,7,881,9,809,17.839335,75.383082,93,85";;;;;;;;;;;;
"10.90.113.50,55797,""142.250.180.163"",443,11,598,39,0,0,11,598,0,0,18.304886,151.930105,31,0";;;;;;;;;;;;
"10.90.113.50,55758,""192.0.78.13"",443,22,4460,40,0,0,10,3431,12,1029,18.616599,87.302482,314,94";;;;;;;;;;;;
"10.90.113.50,55729,""142.251.209.14"",443,9,525,41,0,0,5,273,4,252,18.740522,132.56891,16,15";;;;;;;;;;;;
"10.90.113.50,55806,""70.42.32.159"",443,11,598,42,0,0,11,598,0,0,19.058604,151.176728,31,0";;;;;;;;;;;;
"10.90.113.50,55734,""185.26.182.106"",443,8,496,43,0,0,3,163,5,333,19.168571,20.026947999999997,65,133";;;;;;;;;;;;
"10.90.113.50,55699,""104.18.2.125"",443,1,54,44,0,0,1,54,0,0,19.210724,0,"""",""""";;;;;;;;;;;;
"10.90.113.50,55731,""142.250.184.78"",443,9,525,45,0,0,5,273,4,252,19.355424,131.948996,16,15";;;;;;;;;;;;
"10.90.113.50,55733,""142.250.184.78"",443,9,525,46,0,0,5,273,4,252,19.464480000000002,131.839778,16,15";;;;;;;;;;;;
"10.90.113.50,55732,""142.250.180.174"",443,9,525,47,0,0,5,273,4,252,19.480485,131.82751000000002,16,15";;;;;;;;;;;;
"10.90.113.50,55735,""142.250.180.174"",443,9,525,48,0,0,5,273,4,252,19.715033,131.594164,16,15";;;;;;;;;;;;
"10.90.113.50,55804,""70.42.32.159"",443,5,273,49,0,0,5,273,0,0,19.807274,131.482005,16,0";;;;;;;;;;;;
"10.90.113.50,55795,""70.42.32.159"",443,5,273,50,0,0,5,273,0,0,19.962142,131.327305,16,0";;;;;;;;;;;;
"10.90.113.50,55736,""142.250.184.110"",443,9,525,51,0,0,5,273,4,252,20.21161,131.09774,16,15";;;;;;;;;;;;
"10.90.113.50,55737,""142.250.180.161"",443,9,525,52,0,0,5,273,4,252,20.630263,130.68077399999999,16,15";;;;;;;;;;;;
"10.90.113.50,55739,""142.250.180.170"",443,9,525,53,0,0,5,273,4,252,21.020171,130.28887699999999,16,15";;;;;;;;;;;;
"10.90.113.50,55740,""142.250.180.170"",443,9,525,54,0,0,5,273,4,252,21.221136,130.082649,16,15";;;;;;;;;;;;
"10.90.113.50,55742,""142.251.209.35"",443,9,525,55,0,0,5,273,4,252,22.31528,128.99267,16,15";;;;;;;;;;;;
"13.107.4.50,80,""10.90.113.50"",55774,1,54,56,0,0,1,54,0,0,22.665194,0,"""",""""";;;;;;;;;;;;
"10.90.113.50,55708,""82.145.216.20"",443,10,580,57,0,0,7,382,3,198,23.076265,193.505868,15,8";;;;;;;;;;;;
"10.90.113.50,55819,""142.251.209.35"",443,14,894,58,0,0,7,383,7,511,23.724971,194.987947,15,20";;;;;;;;;;;;
"10.90.113.50,55743,""142.250.180.165"",443,12,773,59,0,0,6,328,6,445,24.034796,149.980283,17,23";;;;;;;;;;;;
"10.90.113.50,55745,""142.250.184.74"",443,9,525,60,0,0,5,273,4,252,24.221678,127.08268100000001,17,15";;;;;;;;;;;;
"10.90.113.50,55744,""142.250.180.138"",443,9,525,61,0,0,5,273,4,252,24.237752,127.071371,17,15";;;;;;;;;;;;
"10.90.113.50,55747,""142.250.184.109"",443,9,525,62,0,0,5,273,4,252,24.408756,126.900064,17,15";;;;;;;;;;;;
"10.90.113.50,55748,""142.250.180.138"",443,9,525,63,0,0,5,273,4,252,24.441197,126.866844,17,15";;;;;;;;;;;;
"10.90.113.50,55749,""142.250.184.74"",443,9,525,64,0,0,5,273,4,252,24.471979,126.83610999999999,17,15";;;;;;;;;;;;
"10.90.113.50,55750,""142.251.209.46"",443,9,525,65,0,0,5,273,4,252,24.53368,126.77419699999999,17,15";;;;;;;;;;;;
"10.90.113.50,55698,""20.54.232.160"",443,3,162,66,0,0,2,108,1,54,25.405713,0.04719000000000051,18308,9154";;;;;;;;;;;;
"10.90.113.50,55746,""142.250.180.165"",443,12,773,67,0,0,6,328,6,445,26.225137,149.563773,17,23";;;;;;;;;;;;
"10.90.113.50,55755,""142.250.180.142"",443,9,525,68,0,0,5,273,4,252,26.879535,124.428121,17,16";;;;;;;;;;;;
"10.90.113.50,55757,""142.250.180.163"",443,9,525,69,0,0,5,273,4,252,28.245391,123.061695,17,16";;;;;;;;;;;;
"10.90.113.50,55709,""82.145.216.16"",443,7,383,70,0,0,7,383,0,0,28.775129,187.807178,16,0";;;;;;;;;;;;
"10.90.113.50,55710,""82.145.216.16"",443,11,604,71,0,0,11,604,0,0,28.806281,450.067732,10,0";;;;;;;;;;;;
"18.203.181.12,443,""10.90.113.50"",55697,144,95695,72,0,0,72,22082,72,73613,29.236736,1404.173534,125,419";;;;;;;;;;;;
"13.107.43.12,443,""10.90.113.50"",55799,1,54,73,0,0,1,54,0,0,29.970066,0,"""",""""";;;;;;;;;;;;
"10.90.113.50,55809,""23.77.213.161"",80,3,162,74,0,0,2,108,1,54,30.516517,0.01457200000000114,59291,29645";;;;;;;;;;;;
"10.90.113.50,55810,""13.107.4.50"",80,4,216,75,0,0,2,108,2,108,30.516719,0.013611000000000928,63478,63478";;;;;;;;;;;;
"10.90.113.50,55816,""13.107.4.50"",80,4,216,76,0,0,2,108,2,108,30.516879,0.012962000000001694,66656,66656";;;;;;;;;;;;
"13.107.43.12,443,""10.90.113.50"",55801,1,54,77,0,0,1,54,0,0,30.523006,0,"""",""""";;;;;;;;;;;;
"13.107.43.12,443,""10.90.113.50"",55800,1,54,78,0,0,1,54,0,0,32.161374,0,"""",""""";;;;;;;;;;;;
"10.90.113.50,55738,""142.250.180.165"",443,12,773,79,0,0,6,328,6,445,35.831132,150.088468,17,23";;;;;;;;;;;;
"10.90.113.50,55768,""142.251.209.42"",443,9,525,80,0,0,5,273,4,252,39.511698,111.796085,19,18";;;;;;;;;;;;
"10.90.113.50,55820,""23.218.225.17"",443,154,107484,81,0,0,99,94210,55,13274,43.593592,1148.998072,655,92";;;;;;;;;;;;
"10.90.113.50,55824,""40.99.217.34"",443,3,162,82,0,0,2,108,1,54,43.669541,0.02465999999999724,35036,17518";;;;;;;;;;;;
"10.90.113.50,55842,""40.99.217.34"",443,29,7570,83,0,0,16,4677,13,2893,43.670156,121.65691100000001,307,190";;;;;;;;;;;;
"10.90.113.50,55825,""204.79.197.222"",443,3,162,84,0,0,2,108,1,54,45.496164,0.01262100000000288,68457,34228";;;;;;;;;;;;
"10.90.113.50,55843,""204.79.197.222"",443,37,19129,85,0,0,14,1869,23,17260,45.500123,123.37827999999999,121,1119";;;;;;;;;;;;
"10.90.113.50,55728,""35.246.165.178"",443,68,11011,86,0,0,44,7930,24,3081,46.907067,265.636124,238,92";;;;;;;;;;;;
"10.90.113.50,55845,""152.199.19.161"",443,43,30936,87,0,0,14,1982,29,28954,46.933217,112.214218,141,2064";;;;;;;;;;;;
"10.90.113.50,55846,""23.33.10.189"",443,20,6929,88,0,0,8,905,12,6024,47.119163,100.103977,72,481";;;;;;;;;;;;
"10.90.113.50,55847,""20.42.128.98"",443,56,51461,89,0,0,17,2214,39,49247,47.244564,101.859002,173,3867";;;;;;;;;;;;
"10.90.113.50,55849,""152.199.19.161"",443,22,10028,90,0,0,9,1322,13,8706,49.802119,1.983349000000004,5332,35116";;;;;;;;;;;;
"10.90.113.50,55850,""23.33.10.189"",443,17,6743,91,0,0,7,851,10,5892,49.997382,1.7874470000000002,3808,26370";;;;;;;;;;;;
"10.90.113.50,55851,""20.42.128.98"",443,17,7449,92,0,0,9,1778,8,5671,50.192054,1.593594000000003,8925,28468";;;;;;;;;;;;
"10.90.113.50,55852,""20.42.65.88"",443,19,8056,93,0,0,10,2527,9,5529,50.265785,1.5200079999999971,13299,29099";;;;;;;;;;;;
"93.184.220.29,80,""10.90.113.50"",55831,5,270,94,0,0,2,108,3,162,52.853108,49.771207999999994,17,26";;;;;;;;;;;;
"10.90.113.50,55853,""152.199.19.161"",443,48,42833,95,0,0,12,1483,36,41350,54.761212,100.230174,118,3300";;;;;;;;;;;;
"10.90.113.50,55854,""152.199.19.161"",443,26,10866,96,0,0,11,1953,15,8913,54.806553,104.34037599999999,149,683";;;;;;;;;;;;
"10.90.113.50,55855,""13.107.5.88"",443,26,9218,97,0,0,11,1603,15,7615,54.851129,66.694056,192,913";;;;;;;;;;;;
"10.90.113.50,55856,""152.199.19.161"",443,10,697,98,0,0,5,408,5,289,55.679316,0.10233499999999651,31895,22592";;;;;;;;;;;;
"10.90.113.50,55857,""152.199.19.161"",443,23,11474,99,0,0,9,1217,14,10257,55.927415,2.482678,3921,33051";;;;;;;;;;;;
"10.90.113.50,55858,""13.107.5.88"",443,20,7792,100,0,0,9,1266,11,6526,55.94327,2.466058000000004,4106,21170";;;;;;;;;;;;
"10.90.113.50,55859,""152.199.19.161"",443,19,9000,101,0,0,8,1007,11,7993,55.944704,2.463799999999999,3269,25953";;;;;;;;;;;;
"10.90.113.50,55860,""20.42.65.88"",443,283,185298,102,0,0,160,161310,123,23988,56.000202,470.92921299999995,2740,407";;;;;;;;;;;;
"10.90.113.50,55861,""23.33.10.189"",443,18,6340,103,0,0,8,865,10,5475,56.057093,2.3516949999999994,2942,18624";;;;;;;;;;;;
"10.90.113.50,55862,""13.85.16.224"",443,27,17890,104,0,0,12,1700,15,16190,56.254342,2.156500000000001,6306,60060";;;;;;;;;;;;
"10.90.113.50,55863,""152.199.19.161"",443,38,26497,105,0,0,14,1480,24,25017,56.687213,1.7217630000000028,6876,116238";;;;;;;;;;;;
"10.90.113.50,55865,""92.122.38.31"",443,20,6824,106,0,0,9,1119,11,5705,57.548066,0.8631710000000012,10371,52874";;;;;;;;;;;;
"10.90.113.50,55866,""68.232.34.200"",443,19,9416,107,0,0,8,1233,11,8183,57.71428,0.6948909999999984,14195,94207";;;;;;;;;;;;
"10.90.113.50,55868,""152.199.19.161"",443,37,23480,108,0,0,14,1604,23,21876,63.57972,100.583358,127,1739";;;;;;;;;;;;
"10.90.113.50,55869,""23.33.10.189"",443,23,7764,109,0,0,9,982,14,6782,66.338312,100.21311700000001,78,541";;;;;;;;;;;;
"10.90.113.50,55870,""13.107.42.18"",443,41,23223,110,0,0,18,11792,23,11431,66.780626,0.4710139999999967,200282,194151";;;;;;;;;;;;
"10.90.113.50,55876,""13.69.106.212"",443,30,12817,111,0,0,15,5683,15,7134,88.668545,157.219879,289,363";;;;;;;;;;;;
"10.90.113.50,55826,""52.109.88.85"",443,3,162,112,0,0,2,108,1,54,90.41842,0.033329000000009046,25923,12961";;;;;;;;;;;;
"35.246.250.148,443,""10.90.113.50"",55828,10,602,113,0,0,6,355,4,247,92.428376,0.03125300000000664,90871,63225";;;;;;;;;;;;
"8.250.143.245,443,""10.90.113.50"",55700,9,864,114,0,0,9,864,0,0,93.153471,7.3146130000000085,944,0";;;;;;;;;;;;
"10.90.113.50,55802,""52.239.174.196"",443,3,162,115,0,0,2,108,1,54,98.769689,0.1340979999999945,6443,3221";;;;;;;;;;;;
"13.107.42.254,443,""10.90.113.50"",55823,1,54,116,0,0,1,54,0,0,100.676531,0,"""",""""";;;;;;;;;;;;
"10.90.113.50,55830,""172.67.75.39"",443,3,162,117,0,0,2,108,1,54,102.343088,0.016121000000012486,53594,26797";;;;;;;;;;;;
"52.113.196.254,443,""10.90.113.50"",55821,1,54,118,0,0,1,54,0,0,102.4557,0,"""",""""";;;;;;;;;;;;
"20.42.72.131,443,""10.90.113.50"",55726,1,54,119,0,0,1,54,0,0,107.258073,0,"""",""""";;;;;;;;;;;;
"204.79.197.222,443,""10.90.113.50"",55822,1,54,120,0,0,1,54,0,0,107.50553,0,"""",""""";;;;;;;;;;;;
"10.90.113.50,55890,""192.0.78.13"",443,26,6750,121,0,0,14,4571,12,2179,151.2996,75.586454,483,230";;;;;;;;;;;;
"10.90.113.50,55901,""23.33.10.189"",443,19,3755,122,0,0,9,1608,10,2147,200.496008,100.16446500000004,128,171";;;;;;;;;;;;
"10.90.113.50,55902,""23.33.10.189"",443,15,2815,123,0,0,7,1294,8,1521,200.502418,100.154774,103,121";;;;;;;;;;;;
"10.90.113.50,55904,""52.239.161.42"",443,17,7535,124,0,0,9,1250,8,6285,200.616693,101.27136000000002,98,496";;;;;;;;;;;;
"10.90.113.50,55903,""52.239.161.42"",443,19,8401,125,0,0,10,1543,9,6858,200.616695,101.27186,121,541";;;;;;;;;;;;
"10.90.113.50,55905,""193.206.135.26"",80,13,1053,126,0,0,7,526,6,527,203.663897,0.3589280000000201,11723,11746";;;;;;;;;;;;
"10.90.113.50,55908,""142.250.180.170"",443,47,18192,127,0,0,19,2508,28,15684,216.599914,240.37224199999997,83,521";;;;;;;;;;;;
"10.90.113.50,55911,""52.109.32.24"",443,36,31781,128,0,0,13,1643,23,30138,225.555045,31.45700599999998,417,7664";;;;;;;;;;;;
"10.90.113.50,55912,""52.113.195.132"",443,51,51461,129,0,0,12,2604,39,48857,225.844241,31.168069000000003,668,12540";;;;;;;;;;;;
"10.90.113.50,55913,""20.190.160.13"",443,38,32510,130,0,0,15,8129,23,24381,226.545953,0.3527180000000101,184373,552985";;;;;;;;;;;;
"10.90.113.50,55914,""20.190.160.13"",443,39,32743,131,0,0,16,8194,23,24549,226.548695,0.35670399999997926,183771,550574";;;;;;;;;;;;
"10.90.113.50,55915,""20.190.160.13"",443,38,32911,132,0,0,15,8126,23,24785,226.551201,0.3374120000000005,192666,587649";;;;;;;;;;;;
"10.90.113.50,55916,""52.109.77.2"",443,43,49926,133,0,0,9,1454,34,48472,226.708204,30.304602000000017,383,12795";;;;;;;;;;;;
"10.90.113.50,55917,""23.33.73.40"",443,20,8957,134,0,0,9,1307,11,7650,226.818193,30.194799999999987,346,2026";;;;;;;;;;;;
"10.90.113.50,55918,""20.190.160.13"",443,40,32509,135,0,0,17,8172,23,24337,227.276813,0.30385499999999865,215155,640752";;;;;;;;;;;;
"10.90.113.50,55919,""40.126.32.137"",443,24,14974,136,0,0,13,3632,11,11342,227.458475,0.3731510000000071,77866,243161";;;;;;;;;;;;
"10.90.113.50,55920,""52.109.89.14"",443,28,17648,137,0,0,15,9842,13,7806,227.774098,0.3327950000000044,236590,187647";;;;;;;;;;;;
"10.90.113.50,55923,""20.190.160.13"",443,38,32351,138,0,0,15,8078,23,24273,227.806149,0.29774000000000456,217048,652193";;;;;;;;;;;;
"10.90.113.50,55922,""52.109.76.74"",443,19,9645,139,0,0,10,2599,9,7046,227.824244,29.189234000000027,712,1931";;;;;;;;;;;;
"10.90.113.50,55921,""52.109.76.74"",443,19,9640,140,0,0,10,2594,9,7046,227.824244,29.189380999999997,710,1931";;;;;;;;;;;;
"10.90.113.50,55924,""104.47.18.208"",443,27,15239,141,0,0,14,4911,13,10328,227.919025,29.094805999999977,1350,2839";;;;;;;;;;;;
"10.90.113.50,55925,""20.190.159.100"",443,20,10107,142,0,0,10,2354,10,7753,227.955772,29.05794499999999,648,2134";;;;;;;;;;;;
"10.90.113.50,55926,""52.109.76.248"",443,858,1180112,143,0,0,80,7458,778,1172654,228.069085,28.94482100000002,2061,324107";;;;;;;;;;;;
"10.90.113.50,55927,""52.109.89.14"",443,28,19017,144,0,0,17,10689,11,8328,228.131735,0.43152299999999855,198163,154392";;;;;;;;;;;;
"10.90.113.50,55928,""104.47.51.144"",443,27,15128,145,0,0,14,4929,13,10199,228.209372,28.803883000000013,1368,2832";;;;;;;;;;;;
"10.90.113.50,55929,""20.190.160.13"",443,40,32509,146,0,0,17,8172,23,24337,228.466756,0.2749719999999911,237755,708057";;;;;;;;;;;;
"10.90.113.50,55930,""52.111.243.8"",443,19,9931,147,0,0,9,3165,10,6766,228.580655,28.431110000000018,890,1903";;;;;;;;;;;;
"10.90.113.50,55932,""20.190.160.13"",443,37,32347,148,0,0,15,8064,22,24283,229.210972,0.34112100000001533,189117,569487";;;;;;;;;;;;
"10.90.113.50,55933,""152.199.19.161"",443,109,111554,149,0,0,23,2725,86,108829,230.445728,74.99284500000002,290,11609";;;;;;;;;;;;
"10.90.113.50,55934,""152.199.19.161"",443,50,42926,150,0,0,14,1591,36,41335,230.445729,74.99245399999998,169,4409";;;;;;;;;;;;
"10.90.113.50,55936,""20.189.173.12"",443,44,30430,151,0,0,26,22112,18,8318,234.407451,21.886471999999998,8082,3040";;;;;;;;;;;;
"10.90.113.50,55938,""104.85.8.41"",443,1728,2442089,152,0,0,109,7264,1619,2434825,240.0549,16.958495999999997,3426,1148604";;;;;;;;;;;;
"10.90.113.50,55939,""104.85.8.41"",443,303,367047,153,0,0,56,3548,247,363499,240.383751,16.629800000000017,1706,174866";;;;;;;;;;;;
"10.90.113.50,55942,""152.199.19.161"",443,25,10279,154,0,0,10,1394,15,8885,248.941677,100.24988599999998,111,709";;;;;;;;;;;;
"10.90.113.50,55944,""20.189.173.12"",443,25,11066,155,0,0,15,3665,10,7401,256.030302,0.9822130000000016,29850,60280";;;;;;;;;;;;
"10.90.113.50,55949,""192.0.78.13"",443,30,6989,156,0,0,16,4663,14,2326,272.310129,75.60769399999998,493,246";;;;;;;;;;;;
"10.90.113.50,55950,""52.5.13.197"",443,36,9866,157,0,0,16,3068,20,6798,272.578341,65.820066,372,826";;;;;;;;;;;;
"10.90.113.50,55961,""185.26.182.118"",443,34,7619,158,0,0,16,2149,18,5470,321.768579,103.564413,166,422";;;;;;;;;;;;
"10.90.113.50,55962,""82.145.216.15"",443,54,12382,159,0,0,32,5782,22,6600,323.862134,211.25516,218,249";;;;;;;;;;;;
"10.90.113.50,55963,""35.246.165.178"",443,101,22807,160,0,0,57,14748,44,8059,323.887926,214.13569800000005,550,301";;;;;;;;;;;;
"10.90.113.50,55964,""142.250.184.98"",443,21,10610,161,0,0,10,1156,11,9454,325.075893,68.23379799999998,135,1108";;;;;;;;;;;;
"10.90.113.50,55973,""142.251.209.3"",443,38,9337,162,0,0,17,2199,21,7138,364.395171,240.22479799999996,73,237";;;;;;;;;;;;
"10.90.113.50,55974,""172.67.162.18"",443,55,31970,163,0,0,20,2376,35,29594,368.421107,287.15738799999997,66,824";;;;;;;;;;;;
"10.90.113.50,55975,""172.67.162.18"",443,13,3232,164,0,0,7,971,6,2261,368.421107,0.1219939999999724,63675,148269";;;;;;;;;;;;
"10.90.113.50,55976,""185.26.182.111"",443,27,5921,165,0,0,13,1700,14,4221,368.673349,65.227551,208,517";;;;;;;;;;;;
"10.90.113.50,55978,""84.17.59.115"",443,38,10664,166,0,0,16,2128,22,8536,368.682803,120.13210300000003,141,568";;;;;;;;;;;;
"10.90.113.50,55977,""138.199.37.230"",443,181,164611,167,0,0,54,4489,127,160122,368.729011,120.64411000000001,297,10617";;;;;;;;;;;;
"10.90.113.50,55979,""199.232.192.134"",443,65,48981,168,0,0,22,4653,43,44328,369.039768,0.8561600000000453,43477,414202";;;;;;;;;;;;
"10.90.113.50,55980,""192.0.73.2"",443,46,21213,169,0,0,18,2287,28,18926,369.060536,37.03562599999998,494,4088";;;;;;;;;;;;
"10.90.113.50,55981,""138.199.37.230"",443,117,96608,170,0,0,39,3368,78,93240,369.114501,120.33653399999997,223,6198";;;;;;;;;;;;
"10.90.113.50,55982,""151.101.192.134"",443,81,58075,171,0,0,27,6768,54,51307,369.288527,286.25328700000006,189,1433";;;;;;;;;;;;
"10.90.113.50,55984,""18.65.64.5"",443,526,600985,172,0,0,103,8522,423,592463,369.292377,242.27905299999998,281,19562";;;;;;;;;;;;
"10.90.113.50,55983,""138.199.37.226"",443,49,12520,173,0,0,22,2752,27,9768,369.311016,121.30604900000003,181,644";;;;;;;;;;;;
"10.90.113.50,55985,""199.232.194.49"",443,49,13329,174,0,0,22,2904,27,10425,369.330241,286.221138,81,291";;;;;;;;;;;;
"10.90.113.50,55986,""142.251.209.46"",443,23,7529,175,0,0,12,1254,11,6275,369.333924,144.97800699999993,69,346";;;;;;;;;;;;
"10.90.113.50,55987,""199.232.192.134"",443,19,2148,176,0,0,9,1093,10,1055,369.708973,144.59178299999996,60,58";;;;;;;;;;;;
"10.90.113.50,55988,""157.240.231.15"",443,31,6310,177,0,0,15,1978,16,4332,369.74319,65.18578699999995,242,531";;;;;;;;;;;;
"10.90.113.50,55992,""82.145.216.15"",443,29,7639,178,0,0,17,3018,12,4621,369.750777,144.5455,167,255";;;;;;;;;;;;
"10.90.113.50,55989,""13.107.42.14"",443,41,18345,179,0,0,16,2552,25,15793,369.777182,127.07435200000003,160,994";;;;;;;;;;;;
"10.90.113.50,55990,""151.101.64.84"",443,41,10169,180,0,0,18,2145,23,8024,369.88554,285.665746,60,224";;;;;;;;;;;;
"10.90.113.50,55991,""18.65.82.68"",443,100,78222,181,0,0,30,3083,70,75139,369.885727,240.41205300000001,102,2500";;;;;;;;;;;;
"149.154.167.99,443,""10.90.113.50"",56338,857,136656,364,0,0,408,58317,449,78339,1144.490686,289.1518199999998,1613,2167";;;;;;;;;;;;
"10.90.113.50,55994,""18.65.64.5"",443,46,20193,182,0,0,19,2729,27,17464,370.248752,240.77479999999997,90,580";;;;;;;;;;;;
"10.90.113.50,55995,""52.30.254.53"",443,46,11913,183,0,0,21,4660,25,7253,370.316155,72.58155300000004,513,799";;;;;;;;;;;;
"10.90.113.50,55996,""18.65.82.61"",443,48,10594,184,0,0,22,2427,26,8167,370.338022,241.232842,80,270";;;;;;;;;;;;
"10.90.113.50,55997,""18.65.82.108"",443,50,13433,185,0,0,22,2865,28,10568,370.561666,240.40488999999997,95,351";;;;;;;;;;;;
"10.90.113.50,55998,""151.101.194.133"",443,225,235241,186,0,0,40,4092,185,231149,370.596957,284.954757,114,6489";;;;;;;;;;;;
"10.90.113.50,55999,""51.158.234.111"",443,46,17774,187,0,0,21,10053,25,7721,370.670161,65.329027,1231,945";;;;;;;;;;;;
"10.90.113.50,56002,""151.101.192.134"",443,30,5389,188,0,0,14,2738,16,2651,370.776209,284.76569500000005,76,74";;;;;;;;;;;;
"10.90.113.50,56000,""151.101.130.133"",443,17,5849,189,0,0,7,1000,10,4849,370.778093,0.038206000000002405,209391,1015337";;;;;;;;;;;;
"10.90.113.50,56001,""151.101.130.133"",443,47,9837,190,0,0,21,2745,26,7092,370.778107,284.77392900000007,77,199";;;;;;;;;;;;
"10.90.113.50,56003,""199.232.192.134"",443,37,10041,191,0,0,17,2281,20,7760,370.876954,284.66549200000003,64,218";;;;;;;;;;;;
"10.90.113.50,56004,""199.232.192.134"",443,35,9921,192,0,0,15,2161,20,7760,370.877123,284.66711599999996,60,218";;;;;;;;;;;;
"10.90.113.50,56005,""199.232.192.134"",443,42,13917,193,0,0,20,5241,22,8676,370.889122,284.65544100000005,147,243";;;;;;;;;;;;
"10.90.113.50,56006,""199.232.192.64"",443,38,11549,194,0,0,17,2918,21,8631,370.951095,284.591951,82,242";;;;;;;;;;;;
"10.90.113.50,56014,""69.173.144.138"",443,33,11967,195,0,0,16,4450,17,7517,370.964078,284.60368200000005,125,211";;;;;;;;;;;;
"10.90.113.50,56016,""142.251.209.2"",443,22,7357,196,0,0,11,1200,11,6157,370.968231,143.34871200000003,66,343";;;;;;;;;;;;
"10.90.113.50,56007,""52.3.23.138"",443,52,17675,197,0,0,25,6052,27,11623,370.970567,60.472226999999975,800,1537";;;;;;;;;;;;
"10.90.113.50,56017,""104.22.24.87"",443,35,6516,198,0,0,17,2200,18,4316,370.976945,284.586278,61,121";;;;;;;;;;;;
"10.90.113.50,56008,""104.16.162.13"",443,38,7592,199,0,0,18,2205,20,5387,370.990993,284.56068100000005,61,151";;;;;;;;;;;;
"10.90.113.50,56009,""35.71.131.137"",443,34,9609,200,0,0,14,3842,20,5767,370.991094,60.288791,509,765";;;;;;;;;;;;
"10.90.113.50,56018,""35.244.174.68"",443,46,12778,201,0,0,20,3231,26,9547,370.991187,284.568238,90,268";;;;;;;;;;;;
"10.90.113.50,56010,""18.198.69.109"",443,7,919,202,0,0,3,691,4,228,371.049858,0.053121000000032836,104064,34336";;;;;;;;;;;;
"10.90.113.50,56011,""185.89.211.132"",443,27,13154,203,0,0,13,6518,14,6636,371.049919,10.55361099999999,4940,5030";;;;;;;;;;;;
"10.90.113.50,56015,""18.198.69.109"",443,7,919,204,0,0,3,691,4,228,371.049921,0.056815000000028704,97298,32104";;;;;;;;;;;;
"10.90.113.50,56013,""151.101.130.49"",443,39,8964,205,0,0,17,2277,22,6687,371.049923,284.501823,64,188";;;;;;;;;;;;
"10.90.113.50,56012,""185.89.211.132"",443,41,20721,206,0,0,20,12307,21,8414,371.050067,10.550505999999984,9331,6379";;;;;;;;;;;;
"10.90.113.50,56019,""3.231.143.15"",443,62,8798,207,0,0,30,3042,32,5756,371.073503,284.57154499999996,85,161";;;;;;;;;;;;
"10.90.113.50,56023,""18.198.69.109"",443,7,919,208,0,0,3,691,4,228,371.103588,0.06912999999997282,79965,26385";;;;;;;;;;;;
"10.90.113.50,56024,""18.198.69.109"",443,7,919,209,0,0,3,691,4,228,371.107685,0.06462199999998575,85543,28225";;;;;;;;;;;;
"10.90.113.50,56025,""82.145.216.15"",443,32,7127,210,0,0,19,2626,13,4501,371.122153,163.99536,128,219";;;;;;;;;;;;
"10.90.113.50,56020,""34.254.11.145"",443,16,7315,211,0,0,7,1033,9,6282,371.146079,0.17857500000002346,46277,281427";;;;;;;;;;;;
"10.90.113.50,56021,""34.254.11.145"",443,15,7192,212,0,0,7,1033,8,6159,371.146098,0.18231500000001688,45328,270257";;;;;;;;;;;;
"10.90.113.50,56022,""34.254.11.145"",443,61,20809,213,0,0,29,8833,32,11976,371.146108,60.49608599999999,1168,1583";;;;;;;;;;;;
"10.90.113.50,56026,""34.254.11.145"",443,15,7192,214,0,0,7,1033,8,6159,371.146236,0.1822310000000016,45349,270382";;;;;;;;;;;;
"10.90.113.50,56028,""34.254.11.145"",443,15,7192,215,0,0,7,1033,8,6159,371.151478,0.1768329999999878,46733,278635";;;;;;;;;;;;
"10.90.113.50,56027,""18.65.64.86"",443,48,13611,216,0,0,22,3365,26,10246,371.168857,241.16159300000004,111,339";;;;;;;;;;;;
"10.90.113.50,56032,""82.145.216.15"",443,25,5152,217,0,0,16,1476,9,3676,371.17929,182.869039,64,160";;;;;;;;;;;;
"10.90.113.50,56033,""185.89.211.132"",443,22,1963,218,0,0,15,1394,7,569,371.180801,162.05994900000007,68,28";;;;;;;;;;;;
"10.90.113.50,56029,""54.247.8.18"",443,36,17022,219,0,0,20,9598,16,7424,371.18806,143.10879600000004,536,415";;;;;;;;;;;;
"10.90.113.50,56034,""34.254.11.145"",443,12,6646,220,0,0,5,799,7,5847,371.199881,0.12824799999998504,49840,364730";;;;;;;;;;;;
"10.90.113.50,56030,""52.213.104.83"",443,35,15555,221,0,0,16,5647,19,9908,371.216054,60.23537700000003,749,1315";;;;;;;;;;;;
"10.90.113.50,56031,""37.157.3.29"",443,33,12507,222,0,0,15,3728,18,8779,371.276228,30.372074999999995,981,2312";;;;;;;;;;;;
"10.90.113.50,56036,""34.250.137.124"",443,29,7857,223,0,0,14,2136,15,5721,371.326102,60.219663000000025,283,760";;;;;;;;;;;;
"10.90.113.50,56035,""20.73.234.141"",443,28,9362,224,0,0,14,2322,14,7040,371.349725,142.94742200000002,129,393";;;;;;;;;;;;
"10.90.113.50,56037,""212.82.100.182"",443,29,8656,225,0,0,14,2643,15,6013,371.371648,115.91923000000003,182,414";;;;;;;;;;;;
"10.90.113.50,56039,""54.247.8.18"",443,23,2025,226,0,0,16,1447,7,578,371.391002,161.849992,71,28";;;;;;;;;;;;
"10.90.113.50,56040,""54.247.8.18"",443,23,2025,227,0,0,16,1447,7,578,371.400381,161.84069300000004,71,28";;;;;;;;;;;;
"10.90.113.50,56038,""52.94.223.167"",443,37,12599,228,0,0,17,4228,20,8371,371.441628,284.14530600000006,119,235";;;;;;;;;;;;
"10.90.113.50,56041,""199.232.196.64"",443,45,12882,229,0,0,20,3637,25,9245,371.462646,284.07970900000004,102,260";;;;;;;;;;;;
"10.90.113.50,56042,""199.232.196.64"",443,32,4926,230,0,0,15,2623,17,2303,371.580138,283.96226500000006,73,64";;;;;;;;;;;;
"10.90.113.50,56043,""193.0.160.129"",443,16,9682,231,0,0,7,2294,9,7388,371.769355,11.07028299999996,1657,5338";;;;;;;;;;;;
"10.90.113.50,56044,""178.250.0.157"",443,25,6560,232,0,0,12,1916,13,4644,372.052317,10.247564000000011,1495,3625";;;;;;;;;;;;
"10.90.113.50,56048,""34.235.243.232"",443,27,9587,233,0,0,12,2516,15,7071,382.767724,60.535600999999986,332,934";;;;;;;;;;;;
"10.90.113.50,56051,""192.0.78.13"",443,28,6880,234,0,0,14,4571,14,2309,393.296929,75.57613700000002,483,244";;;;;;;;;;;;
"10.90.113.50,56055,""35.190.80.1"",443,21,6926,235,0,0,11,1201,10,5725,411.942694,102.36863599999998,93,447";;;;;;;;;;;;
"10.90.113.50,56077,""192.0.78.13"",443,27,6828,236,0,0,14,4555,13,2273,514.305799,75.62967400000002,481,240";;;;;;;;;;;;
"10.90.113.50,56078,""193.206.135.26"",80,10,867,237,0,0,5,406,5,461,515.972246,0.03545699999995122,91603,104013";;;;;;;;;;;;
"10.90.113.50,56081,""152.199.19.161"",443,53,43614,238,0,0,16,2209,37,41405,530.275428,75.10308299999997,235,4410";;;;;;;;;;;;
"10.90.113.50,56084,""82.145.216.19"",443,26,6368,239,0,0,14,1753,12,4615,535.139626,120.40457800000001,116,306";;;;;;;;;;;;
"10.90.113.50,56085,""20.86.249.62"",443,21,11288,240,0,0,11,2818,10,8470,539.650671,0.1892689999999675,119110,358008";;;;;;;;;;;;
"10.90.113.50,56089,""35.246.165.178"",443,70,13135,241,0,0,40,7781,30,5354,540.014334,346.4207610000001,179,123";;;;;;;;;;;;
"10.90.113.50,56086,""52.109.88.193"",443,17,8880,242,0,0,9,1165,8,7715,540.124127,22.607751000000007,412,2730";;;;;;;;;;;;
"10.90.113.50,56088,""52.109.88.193"",443,18,9017,243,0,0,9,1174,9,7843,540.124157,22.606408999999985,415,2775";;;;;;;;;;;;
"10.90.113.50,56087,""52.113.194.132"",443,24,11524,244,0,0,12,2660,12,8864,540.202368,22.529165000000035,944,3147";;;;;;;;;;;;
"10.90.113.50,56090,""52.109.89.14"",443,28,17648,245,0,0,15,9842,13,7806,540.48327,0.26875300000006064,292967,232362";;;;;;;;;;;;
"10.90.113.50,56091,""20.190.160.13"",443,39,32505,246,0,0,16,8124,23,24381,540.55718,0.27704099999994014,234593,704040";;;;;;;;;;;;
"10.90.113.50,56092,""23.33.73.40"",443,20,8957,247,0,0,9,1307,11,7650,540.786769,21.945825999999897,476,2788";;;;;;;;;;;;
"10.90.113.50,56093,""52.109.88.85"",443,19,9645,248,0,0,10,2599,9,7046,540.962568,21.770489999999995,955,2589";;;;;;;;;;;;
"10.90.113.50,56094,""52.109.88.85"",443,19,9640,249,0,0,10,2594,9,7046,540.963099,21.77047899999991,953,2589";;;;;;;;;;;;
"10.90.113.50,56095,""20.190.160.13"",443,41,32502,250,0,0,18,8229,23,24273,541.099761,0.29230900000004567,225213,664310";;;;;;;;;;;;
"10.90.113.50,56096,""104.47.17.144"",443,28,15294,251,0,0,15,4965,13,10329,541.128394,21.605413,1838,3824";;;;;;;;;;;;
"10.90.113.50,56097,""20.190.159.1"",443,24,14414,252,0,0,13,3610,11,10804,541.346766,0.4837079999999787,59705,178686";;;;;;;;;;;;
"10.90.113.50,56098,""104.47.51.208"",443,27,15128,253,0,0,14,4929,13,10199,541.461901,21.270956999999953,1853,3835";;;;;;;;;;;;
"10.90.113.50,56100,""52.109.89.14"",443,29,18466,254,0,0,16,10661,13,7805,541.873056,0.44801699999993616,190367,139369";;;;;;;;;;;;
"10.90.113.50,56099,""52.111.225.7"",443,5,330,255,0,0,5,330,0,0,541.889215,15.016820999999936,175,0";;;;;;;;;;;;
"10.90.113.50,56105,""20.42.73.24"",443,38,27613,256,0,0,23,19938,15,7675,561.732761,0.9992200000000366,159628,61447";;;;;;;;;;;;
"10.90.113.50,56118,""185.26.182.118"",443,22,6155,257,0,0,12,1783,10,4372,617.160749,38.42237399999999,371,910";;;;;;;;;;;;
"10.90.113.50,56123,""185.26.182.118"",443,22,5607,258,0,0,12,1704,10,3903,624.181601,31.400701000000026,434,994";;;;;;;;;;;;
"10.90.113.50,56130,""192.0.78.13"",443,25,6719,259,0,0,14,4582,11,2137,635.312278,20.250220000000013,1810,844";;;;;;;;;;;;
"10.90.113.50,49431,""20.54.36.229"",443,6,868,260,0,0,4,418,2,450,652.549452,118.67074500000001,28,30";;;;;;;;;;;;
"10.90.113.50,56133,""13.107.4.52"",80,10,1257,261,0,0,5,436,5,821,652.578915,0.014949000000001433,233326,439360";;;;;;;;;;;;
"10.90.113.50,56136,""173.194.69.188"",5228,54,11294,262,0,0,26,2224,28,9070,658.076906,765.6932240000001,23,94";;;;;;;;;;;;
"10.90.113.50,56141,""20.190.160.13"",443,41,32613,263,0,0,18,8232,23,24381,679.748158,0.29097600000000057,226327,670323";;;;;;;;;;;;
"10.90.113.50,56142,""23.33.73.40"",443,23,9150,264,0,0,10,1361,13,7789,679.989767,110.00941599999999,98,566";;;;;;;;;;;;
"10.90.113.50,56143,""52.109.68.101"",443,32,15415,265,0,0,18,6407,14,9008,680.10913,109.89670999999998,466,655";;;;;;;;;;;;
"10.90.113.50,56144,""52.109.68.101"",443,32,15310,266,0,0,18,6424,14,8886,680.110544,109.89567499999998,467,646";;;;;;;;;;;;
"10.90.113.50,56145,""52.111.243.8"",443,32,13457,267,0,0,13,3263,19,10194,680.136579,75.439796,346,1081";;;;;;;;;;;;
"10.90.113.50,56146,""104.47.22.144"",443,30,15401,268,0,0,16,5019,14,10382,680.318751,109.68482799999992,366,757";;;;;;;;;;;;
"10.90.113.50,56147,""104.47.9.16"",443,30,15290,269,0,0,16,5037,14,10253,680.633555,109.35929299999998,368,750";;;;;;;;;;;;
"10.90.113.50,56148,""20.190.160.13"",443,41,32605,270,0,0,18,8224,23,24381,680.652009,0.2691969999999628,244400,724554";;;;;;;;;;;;
"10.90.113.50,56149,""20.190.160.13"",443,41,32563,271,0,0,18,8226,23,24337,680.666679,0.2676500000000033,245873,727427";;;;;;;;;;;;
"10.90.113.50,56150,""52.111.243.8"",443,24,10263,272,0,0,11,3304,13,6959,681.217812,75.49420199999997,350,737";;;;;;;;;;;;
"10.90.113.50,56151,""40.99.201.194"",443,22,10034,273,0,0,12,2676,10,7358,681.385303,108.60861899999998,197,541";;;;;;;;;;;;
"10.90.113.50,56152,""52.109.28.107"",443,33,21893,274,0,0,19,13071,14,8822,681.40195,0.6598199999999679,158479,106962";;;;;;;;;;;;
"10.90.113.50,56153,""52.109.76.250"",443,25,15815,275,0,0,12,1925,13,13890,681.45236,108.569077,141,1023";;;;;;;;;;;;
"10.90.113.50,56155,""20.190.160.13"",443,40,32548,276,0,0,17,8167,23,24381,681.481855,0.26191000000005715,249459,744713";;;;;;;;;;;;
"10.90.113.50,56154,""40.99.201.178"",443,37,15907,277,0,0,20,6852,17,9055,681.494597,108.50039400000003,505,667";;;;;;;;;;;;
"10.90.113.50,56156,""95.101.123.88"",443,32,18259,278,0,0,13,2056,19,16203,681.589128,108.40212300000007,151,1195";;;;;;;;;;;;
"10.90.113.50,56157,""20.190.159.1"",443,25,16243,279,0,0,13,3621,12,12622,681.913373,0.3974070000000438,72892,254087";;;;;;;;;;;;
"10.90.113.50,56158,""52.109.28.107"",443,28,18413,280,0,0,17,10715,11,7698,682.084217,0.3991240000000289,214770,154297";;;;;;;;;;;;
"10.90.113.50,56159,""20.31.108.18"",443,21,10495,281,0,0,11,3104,10,7391,682.194712,107.81430399999999,230,548";;;;;;;;;;;;
"10.90.113.50,56162,""51.11.192.50"",443,40,27643,282,0,0,25,20003,15,7640,689.647493,100.3797669999999,1594,608";;;;;;;;;;;;
"10.90.113.50,56163,""104.85.8.52"",443,36,16264,283,0,0,15,1742,21,14522,691.367731,166.0332729999999,83,699";;;;;;;;;;;;
"10.90.113.50,56164,""104.85.8.52"",443,35,16210,284,0,0,15,1742,20,14468,691.410084,60.12636199999997,231,1925";;;;;;;;;;;;
"10.90.113.50,56165,""2.18.68.40"",443,28,10936,285,0,0,11,1739,17,9197,693.192657,96.81077799999991,143,759";;;;;;;;;;;;
"10.90.113.50,56180,""13.69.239.74"",443,71,37420,286,0,0,42,28452,29,8968,756.984074,275.61327600000004,825,260";;;;;;;;;;;;
"10.90.113.50,56187,""35.186.224.25"",443,19,7528,287,0,0,9,1025,10,6503,771.252774,60.112750000000005,136,865";;;;;;;;;;;;
"10.90.113.50,56200,""152.199.19.161"",443,53,43630,288,0,0,17,2295,36,41335,830.273284,75.10487499999999,244,4402";;;;;;;;;;;;
"10.90.113.50,56211,""192.0.78.13"",443,118,82855,289,0,0,43,19547,75,63308,881.346776,158.85316799999998,984,3188";;;;;;;;;;;;
"10.90.113.50,56212,""192.0.78.23"",443,127,53778,290,0,0,54,21226,73,32552,881.474407,158.90319899999997,1068,1638";;;;;;;;;;;;
"10.90.113.50,56213,""185.26.182.106"",443,30,6683,291,0,0,15,1958,15,4725,882.64589,65.21318599999995,240,579";;;;;;;;;;;;
"10.90.113.50,56214,""192.0.77.32"",443,19,2339,292,0,0,10,1195,9,1144,885.488164,78.59494500000005,121,116";;;;;;;;;;;;
"10.90.113.50,56215,""192.0.73.2"",443,33,5164,293,0,0,17,2647,16,2517,885.498113,34.030628999999976,622,591";;;;;;;;;;;;
"10.90.113.50,56217,""192.0.76.3"",443,64,9622,294,0,0,31,5955,33,3667,886.567089,66.49389199999996,716,441";;;;;;;;;;;;
"10.90.113.50,56219,""192.0.77.32"",443,33,10106,295,0,0,15,2036,18,8070,889.290717,75.08256100000006,216,859";;;;;;;;;;;;
"10.90.113.50,56220,""82.145.216.15"",443,26,7070,296,0,0,15,2180,11,4890,889.380803,151.92451699999992,114,257";;;;;;;;;;;;
"10.90.113.50,56221,""192.0.77.32"",443,26,3541,297,0,0,13,1947,13,1594,889.486646,79.79825500000004,195,159";;;;;;;;;;;;
"10.90.113.50,56222,""185.26.182.118"",443,94,13100,298,0,0,44,5046,50,8054,889.568106,220.91704200000004,182,291";;;;;;;;;;;;
"10.90.113.50,56223,""95.101.123.19"",443,75,50595,299,0,0,25,3276,50,47319,889.611186,515.2934240000001,50,734";;;;;;;;;;;;
"10.90.113.50,56224,""192.0.78.23"",443,15,3363,300,0,0,8,2194,7,1169,892.830913,0.169571000000019,103508,55150";;;;;;;;;;;;
"10.90.113.50,56229,""35.246.165.178"",443,32,7170,301,0,0,16,3592,16,3578,902.153664,125.05074200000001,229,228";;;;;;;;;;;;
"10.90.113.50,56230,""82.145.216.16"",443,24,6737,302,0,0,14,1851,10,4886,902.161227,139.14375999999993,106,280";;;;;;;;;;;;
"10.90.113.50,56228,""140.82.121.4"",443,973,685242,303,0,0,300,32524,673,652718,902.268867,333.1321210000001,781,15674";;;;;;;;;;;;
"10.90.113.50,56227,""140.82.121.4"",443,13,4278,304,0,0,7,971,6,3307,902.268895,0.11756900000000314,66071,225025";;;;;;;;;;;;
"10.90.113.50,56231,""185.199.110.154"",443,18,5812,305,0,0,8,1037,10,4775,902.943416,0.018666000000052918,444444,2046501";;;;;;;;;;;;
"10.90.113.50,56234,""185.199.110.154"",443,14,5520,306,0,0,5,799,9,4721,902.943417,0.018611000000078093,343452,2029337";;;;;;;;;;;;
"10.90.113.50,56233,""185.199.110.154"",443,19,5866,307,0,0,9,1091,10,4775,902.943444,0.017338999999992666,503373,2203125";;;;;;;;;;;;
"10.90.113.50,56235,""185.199.110.154"",443,532,512330,308,0,0,112,12737,420,499593,902.943463,525.575185,193,7604";;;;;;;;;;;;
"10.90.113.50,56236,""185.199.110.154"",443,18,5812,309,0,0,8,1037,10,4775,902.943469,0.026896999999962645,308435,1420232";;;;;;;;;;;;
"10.90.113.50,56237,""185.199.110.154"",443,18,5812,310,0,0,8,1037,10,4775,902.943562,0.017290000000002692,479814,2209369";;;;;;;;;;;;
"10.90.113.50,56232,""185.199.109.133"",443,732,854883,311,0,0,112,7914,620,846969,902.972064,501.8919309999999,126,13500";;;;;;;;;;;;
"10.90.113.50,56238,""82.145.216.15"",443,23,6834,312,0,0,13,2571,10,4263,903.058253,130.16503899999987,158,262";;;;;;;;;;;;
"10.90.113.50,56239,""95.101.123.19"",443,46,21873,313,0,0,18,2244,28,19629,903.168628,342.1316229999999,52,458";;;;;;;;;;;;
"10.90.113.50,56240,""185.199.110.154"",443,144,91696,314,0,0,46,4784,98,86912,903.226427,513.3103180000002,74,1354";;;;;;;;;;;;
"10.90.113.50,56241,""140.82.112.22"",443,14,5025,315,0,0,7,971,7,4054,903.253535,0.36554399999999987,21250,88722";;;;;;;;;;;;
"10.90.113.50,56242,""140.82.112.22"",443,253,80142,316,0,0,124,49717,129,30425,903.253777,321.64991900000007,1236,756";;;;;;;;;;;;
"10.90.113.50,56243,""140.82.121.5"",443,800,229854,317,0,0,379,122915,421,106939,903.277815,349.6753419999999,2812,2446";;;;;;;;;;;;
"10.90.113.50,56248,""51.11.192.50"",443,24,11105,318,0,0,14,3737,10,7368,924.250251,0.6374189999999089,46901,92472";;;;;;;;;;;;
"10.90.113.50,56249,""51.11.192.50"",443,24,12610,319,0,0,14,5296,10,7314,924.352682,0.5344069999999874,79280,109489";;;;;;;;;;;;
"10.90.113.50,56252,""52.2.219.0"",443,81,11167,320,0,0,40,4391,41,6776,929.758716,501.03207699999984,70,108";;;;;;;;;;;;
"10.90.113.50,56259,""192.0.77.32"",443,18,2285,321,0,0,9,1141,9,1144,964.085069,69.14955299999997,132,132";;;;;;;;;;;;
"10.90.113.50,56260,""192.0.73.2"",443,19,2344,322,0,0,9,1146,10,1198,964.085988,69.14892899999995,132,138";;;;;;;;;;;;
"10.90.113.50,56261,""192.0.76.3"",443,36,5046,323,0,0,18,2946,18,2100,964.529956,60.181961000000115,391,279";;;;;;;;;;;;
"10.90.113.50,56274,""204.79.197.203"",443,29,9519,324,0,0,13,1707,16,7812,1024.02989,109.96453399999996,124,568";;;;;;;;;;;;
"10.90.113.50,56275,""204.79.197.203"",443,69,32072,325,0,0,28,4656,41,27416,1024.147675,42.64133000000015,873,5143";;;;;;;;;;;;
"10.90.113.50,56276,""88.221.92.14"",443,15,7360,326,0,0,7,907,8,6453,1028.245194,0.08550399999990077,84861,603761";;;;;;;;;;;;
"10.90.113.50,56277,""88.221.92.14"",443,154,116830,327,0,0,62,20498,92,96332,1028.245318,38.56331799999998,4252,19984";;;;;;;;;;;;
"10.90.113.50,56278,""88.221.92.14"",443,14,2059,328,0,0,6,1017,8,1042,1028.245334,0.08320100000014463,97787,100191";;;;;;;;;;;;
"10.90.113.50,56279,""88.221.92.14"",443,15,7360,329,0,0,7,907,8,6453,1028.24535,0.08489300000019284,85472,608106";;;;;;;;;;;;
"10.90.113.50,56280,""88.221.92.14"",443,30,8868,330,0,0,17,1540,13,7328,1028.245401,57.511404000000084,214,1019";;;;;;;;;;;;
"10.90.113.50,56282,""88.221.92.14"",443,134,119516,331,0,0,45,9695,89,109821,1028.346887,38.46169099999997,2016,22842";;;;;;;;;;;;
"10.90.113.50,56284,""2.21.186.207"",443,60,49601,332,0,0,20,3529,40,46072,1029.058506,37.758741999999984,747,9761";;;;;;;;;;;;
"10.90.113.50,56291,""88.221.92.39"",443,32,15640,333,0,0,14,1440,18,14200,1030.299932,109.97450000000003,104,1032";;;;;;;;;;;;
"10.90.113.50,56292,""193.206.135.35"",443,42,23840,334,0,0,15,2131,27,21709,1030.337556,20.176259999999957,844,8607";;;;;;;;;;;;
"10.90.113.50,56293,""185.26.182.106"",443,28,6544,335,0,0,14,1892,14,4652,1033.227322,65.2467180000001,231,570";;;;;;;;;;;;
"10.90.113.50,56285,""23.218.225.8"",443,14,7338,336,0,0,6,853,8,6485,1033.754769,0.0485230000001593,140634,1069183";;;;;;;;;;;;
"10.90.113.50,56286,""23.218.225.8"",443,15,7392,337,0,0,7,907,8,6485,1033.754773,0.048270000000002256,150321,1074787";;;;;;;;;;;;
"10.90.113.50,56289,""23.218.225.8"",443,513,600955,338,0,0,93,9117,420,591838,1033.754773,33.0435550000002,2207,143286";;;;;;;;;;;;
"10.90.113.50,56287,""23.218.225.8"",443,14,7338,339,0,0,6,853,8,6485,1033.754773,0.0485190000001694,140645,1069271";;;;;;;;;;;;
"10.90.113.50,56288,""23.218.225.8"",443,14,2057,340,0,0,6,1015,8,1042,1033.754795,0.04751699999997072,170886,175431";;;;;;;;;;;;
"10.90.113.50,56290,""23.218.225.8"",443,12,7230,341,0,0,5,799,7,6431,1033.754797,0.04997200000002522,127911,1029536";;;;;;;;;;;;
"10.90.113.50,56294,""204.79.197.203"",443,19,7846,342,0,0,8,1119,11,6727,1034.178732,32.610022999999956,274,1650";;;;;;;;;;;;
"10.90.113.50,56295,""204.79.197.203"",443,59,44566,343,0,0,18,4236,41,40330,1035.102304,31.686631000000034,1069,10182";;;;;;;;;;;;
"10.90.113.50,56300,""82.145.216.16"",443,23,5820,344,0,0,12,1749,11,4071,1041.319744,74.0794820000001,188,439";;;;;;;;;;;;
"10.90.113.50,56301,""35.246.165.178"",443,56,11273,345,0,0,32,6529,24,4744,1044.200074,375.24235699999986,139,101";;;;;;;;;;;;
"10.90.113.50,56298,""151.101.65.69"",443,91,52262,346,0,0,32,3949,59,48313,1044.325542,360.92656399999987,87,1070";;;;;;;;;;;;
"10.90.113.50,56299,""151.101.193.69"",443,232,221554,347,0,0,53,5161,179,216393,1044.395373,360.79635299999995,114,4798";;;;;;;;;;;;
"10.90.113.50,56302,""185.26.182.111"",443,28,6147,348,0,0,14,1737,14,4410,1044.552018,65.20092399999999,213,541";;;;;;;;;;;;
"10.90.113.50,56303,""192.0.73.2"",443,31,10319,349,0,0,14,1954,17,8365,1044.608731,30.067254000000048,519,2225";;;;;;;;;;;;
"10.90.113.50,56304,""151.101.240.193"",443,57,19650,350,0,0,24,2684,33,16966,1044.640169,360.2648099999999,59,376";;;;;;;;;;;;
"10.90.113.50,56305,""185.26.182.111"",443,27,6721,351,0,0,13,2333,14,4388,1044.749187,65.3171920000002,285,537";;;;;;;;;;;;
"10.90.113.50,56310,""192.0.78.13"",443,43,10943,352,0,0,22,8060,21,2883,1063.290838,136.57572700000014,472,168";;;;;;;;;;;;
"10.90.113.50,56315,""192.0.78.23"",443,27,6046,353,0,0,14,3774,13,2272,1085.727871,75.4625739999999,400,240";;;;;;;;;;;;
"10.90.113.50,56322,""82.145.216.15"",443,31,7238,354,0,0,19,2624,12,4614,1115.396768,317.75568999999996,66,116";;;;;;;;;;;;
"10.90.113.50,56323,""140.82.121.10"",443,47818,66360063,355,0,0,3379,187166,44439,66172897,1115.427257,128.9305139999999,11613,4105957";;;;;;;;;;;;
"10.90.113.50,56324,""193.206.135.26"",80,11,921,356,0,0,6,460,5,461,1115.984452,0.34098400000016227,10792,10815";;;;;;;;;;;;
"10.90.113.50,56442,""20.189.173.3"",443,39,26724,411,0,0,23,18985,16,7739,1430.19413,1.0145860000000084,149696,61021";;;;;;;;;;;;
"10.90.113.50,56443,""152.199.19.161"",443,96,85522,412,0,0,27,4212,69,81310,1430.294887,0.13419900000008056,251089,4847130";;;;;;;;;;;;
"10.90.113.50,56327,""35.246.250.148"",443,316,109508,357,0,0,186,62287,130,47221,1126.787518,98.8890379999998,5038,3820";;;;;;;;;;;;
"10.90.113.50,56330,""152.199.19.161"",443,46,36343,358,0,0,14,2101,32,34242,1130.301069,75.06760399999985,223,3649";;;;;;;;;;;;
"10.90.113.50,56333,""149.154.167.99"",443,720,764606,359,0,0,106,8642,614,755964,1143.082525,211.39424200000008,327,28608";;;;;;;;;;;;
"10.90.113.50,56334,""149.154.167.99"",443,36,9842,360,0,0,16,1996,20,7846,1144.11084,180.38740299999995,88,347";;;;;;;;;;;;
"10.90.113.50,56335,""149.154.167.99"",443,37,9974,361,0,0,15,1947,22,8027,1144.136365,180.36381399999982,86,356";;;;;;;;;;;;
"10.90.113.50,56336,""149.154.167.99"",443,26,9262,362,0,0,11,1829,15,7433,1144.168867,0.35767699999996694,40908,166250";;;;;;;;;;;;
"10.90.113.50,56337,""149.154.167.99"",443,35,9701,363,0,0,14,1807,21,7894,1144.169219,180.3303719999999,80,350";;;;;;;;;;;;
"10.90.113.50,56341,""35.246.250.148"",443,26,8052,365,0,0,11,1580,15,6472,1153.921174,103.82507499999997,121,498";;;;;;;;;;;;
"10.90.113.50,56342,""35.246.250.148"",443,22,7774,366,0,0,10,1495,12,6279,1154.496112,109.42221900000004,109,459";;;;;;;;;;;;
"10.90.113.50,56343,""35.246.250.148"",443,23,7827,367,0,0,11,1549,12,6278,1158.076404,105.84035300000005,117,474";;;;;;;;;;;;
"10.90.113.50,56345,""35.246.250.148"",443,28,8161,368,0,0,12,1634,16,6527,1160.218316,61.23008400000003,213,852";;;;;;;;;;;;
"10.90.113.50,56347,""35.246.250.148"",443,23,7828,369,0,0,11,1549,12,6279,1160.696364,103.22383100000002,120,486";;;;;;;;;;;;
"10.90.113.50,56348,""35.246.250.148"",443,27,8104,370,0,0,12,1633,15,6471,1163.814261,55.577068000000054,235,931";;;;;;;;;;;;
"10.90.113.50,56351,""131.253.33.254"",443,29,3737,371,0,0,15,1926,14,1811,1173.761846,123.23103899999978,125,117";;;;;;;;;;;;
"10.90.113.50,56353,""23.218.225.17"",443,319,322982,372,0,0,125,80414,194,242568,1173.76754,121.2469779999999,5305,16004";;;;;;;;;;;;
"10.90.113.50,56352,""52.109.88.85"",443,28,10525,373,0,0,15,2405,13,8120,1173.767539,110.0245890000001,174,590";;;;;;;;;;;;
"10.90.113.50,56354,""131.253.33.254"",443,36,10405,374,0,0,16,1859,20,8546,1173.941503,129.00546899999995,115,529";;;;;;;;;;;;
"10.90.113.50,56355,""40.99.217.34"",443,22,5648,375,0,0,13,3497,9,2151,1174.164983,126.79687400000012,220,135";;;;;;;;;;;;
"10.90.113.50,56356,""204.79.197.200"",443,37,12302,376,0,0,16,3010,21,9292,1174.245802,126.92474500000003,189,585";;;;;;;;;;;;
"10.90.113.50,56357,""93.184.220.29"",80,14,2858,377,0,0,7,632,7,2226,1174.290178,180.775803,27,98";;;;;;;;;;;;
"10.90.113.50,56358,""204.79.197.222"",443,29,10129,378,0,0,13,2353,16,7776,1174.436047,125.58567100000005,149,495";;;;;;;;;;;;
"10.90.113.50,56359,""20.86.249.62"",443,21,11288,379,0,0,11,2818,10,8470,1175.101494,0.173862999999983,129665,389732";;;;;;;;;;;;
"10.90.113.50,56360,""152.199.19.161"",443,29,11061,380,0,0,13,1862,16,9199,1176.001527,109.07823500000018,136,674";;;;;;;;;;;;
"10.90.113.50,56361,""23.33.10.189"",443,22,7037,381,0,0,10,1013,12,6024,1176.230272,100.08549100000005,80,481";;;;;;;;;;;;
"10.90.113.50,56362,""20.42.128.98"",443,51,51227,382,0,0,11,1897,40,49330,1176.335135,101.85792199999992,148,3874";;;;;;;;;;;;
"10.90.113.50,56364,""152.199.19.161"",443,23,10114,383,0,0,10,1376,13,8738,1178.466999,0.529168000000027,20802,132101";;;;;;;;;;;;
"10.90.113.50,56365,""23.33.10.189"",443,19,6851,384,0,0,9,959,10,5892,1178.749151,0.2473449999999957,31017,190567";;;;;;;;;;;;
"10.90.113.50,56366,""20.42.128.98"",443,4,264,385,0,0,1,66,3,198,1178.811964,6.839177000000063,77,231";;;;;;;;;;;;
"10.90.113.50,56368,""104.208.16.90"",443,180,129203,386,0,0,103,114301,77,14902,1182.748052,55.33570099999997,16524,2154";;;;;;;;;;;;
"10.90.113.50,56370,""152.199.19.161"",443,27,10816,387,0,0,12,2091,15,8725,1184.918296,100.15950599999996,167,696";;;;;;;;;;;;
"10.90.113.50,56371,""13.107.5.88"",443,22,8964,388,0,0,9,1459,13,7505,1184.929004,67.36002199999984,173,891";;;;;;;;;;;;
"10.90.113.50,56372,""152.199.19.161"",443,27,10305,389,0,0,12,1580,15,8725,1185.748468,100.18761300000006,126,696";;;;;;;;;;;;
"10.90.113.50,56377,""152.199.19.161"",443,116,111932,390,0,0,30,3103,86,108829,1204.556737,75.03926399999978,330,11602";;;;;;;;;;;;
"10.90.113.50,56378,""152.199.19.161"",443,53,43070,391,0,0,17,1753,36,41317,1204.556737,75.03674999999998,186,4404";;;;;;;;;;;;
"10.90.113.50,56382,""52.236.186.216"",443,28,12594,392,0,0,15,5569,13,7025,1220.116126,154.37778300000014,288,364";;;;;;;;;;;;
"10.90.113.50,56386,""104.208.16.90"",443,76,40834,393,0,0,36,29830,40,11004,1237.884531,23.257890999999972,10260,3785";;;;;;;;;;;;
"10.90.113.50,56389,""192.0.78.13"",443,29,6896,394,0,0,14,4555,15,2341,1245.294041,75.63074399999982,481,247";;;;;;;;;;;;
"10.90.113.50,56393,""104.208.16.90"",443,136,90870,395,0,0,80,78088,56,12782,1261.013474,161.57737299999985,3866,632";;;;;;;;;;;;
"10.90.113.50,56403,""20.121.73.147"",443,21,8937,396,0,0,8,1221,13,7716,1304.384185,100.476809,97,614";;;;;;;;;;;;
"10.90.113.50,56405,""204.79.197.219"",443,23,7728,397,0,0,11,1642,12,6086,1309.984133,67.61868200000004,194,720";;;;;;;;;;;;
"10.90.113.50,56406,""204.79.197.203"",80,9,3127,398,0,0,4,475,5,2652,1310.073136,69.22441700000013,54,306";;;;;;;;;;;;
"10.90.113.50,56407,""20.60.161.225"",443,171,224497,399,0,0,21,2189,150,222308,1311.333638,1.2304709999998522,14231,1445352";;;;;;;;;;;;
"10.90.113.50,56419,""192.0.78.12"",443,22,6493,400,0,0,12,4447,10,2046,1366.323211,45.574321000000054,780,359";;;;;;;;;;;;
"10.90.113.50,56430,""52.109.76.141"",443,34,31702,401,0,0,11,1565,23,30137,1418.321833,0.2547950000000583,49137,946235";;;;;;;;;;;;
"10.90.113.50,56431,""23.33.73.40"",443,19,8903,402,0,0,8,1253,11,7650,1419.00757,0.12413700000001882,80749,493003";;;;;;;;;;;;
"10.90.113.50,56433,""52.109.68.101"",443,18,9574,403,0,0,9,2528,9,7046,1419.209047,0.2335169999998925,86606,241387";;;;;;;;;;;;
"10.90.113.50,56434,""52.109.68.101"",443,19,9646,404,0,0,10,2599,9,7047,1419.209665,0.23295399999983601,89253,242004";;;;;;;;;;;;
"10.90.113.50,56432,""52.109.76.225"",443,27,17594,405,0,0,15,9842,12,7752,1419.215465,0.3217099999999391,244742,192769";;;;;;;;;;;;
"10.90.113.50,56435,""52.111.240.11"",443,22,12856,406,0,0,9,3016,13,9840,1419.389798,0.7087920000001304,34041,111062";;;;;;;;;;;;
"10.90.113.50,56436,""104.47.22.144"",443,27,15239,407,0,0,14,4911,13,10328,1419.429709,0.2811300000000756,139750,293899";;;;;;;;;;;;
"10.90.113.50,56437,""52.109.76.225"",443,30,18521,408,0,0,17,10715,13,7806,1419.571493,0.4769340000000284,179731,130936";;;;;;;;;;;;
"10.90.113.50,56438,""104.47.51.208"",443,26,15074,409,0,0,13,4875,13,10199,1419.739653,0.21245799999996962,183565,384038";;;;;;;;;;;;
"10.90.113.50,56439,""40.99.217.34"",443,20,11398,410,0,0,10,2580,10,8818,1420.198872,0.3562650000001213,57934,198009";;;;;;;;;;;;
